Year,Country Name,Import,Export,GDP
2013,Afghanistan,0,5,20.88379576
2013,Albania,0,0,13.24384709
2013,Algeria,82,2,238.10873230
2013,Angola,34,9,137.18285280
2013,Antigua and Barbuda,0,2,1.37393784
2013,Argentina,811,179,572.22981240
2013,Armenia,0,5,11.52852116
2013,Austria,914,88,445.93639980
2013,Azerbaijan,286,11,76.87491078
2013,Bahrain,76,667,33.73044516
2013,Bangladesh,464,567,155.48906920
2013,Barbados,2,0,4.86523776
2013,Belarus,5,0,78.29194315
2013,Belgium,1688,1177,540.88908820
2013,Belize,2,0,2.09575578
2013,Benin,0,1,12.97601077
2013,Bermuda,22,0,6.70240914
2013,Bhutan,0,0,1.98318614
2013,Bolivia,22,0,31.78150135
2013,Bosnia and Herzegovina,0,1,18.84448208
2013,Botswana,1,6,14.79409885
2013,Brazil,577,722,2563.32720400
2013,Brunei Darussalam,854,46,18.75659188
2013,Bulgaria,45,98,57.89636758
2013,Burkina Faso,0,6,13.93637533
2013,Burundi,0,0,2.54133789
2013,Cabo Verde,0,0,2.10317108
2013,Cambodia,81,29,15.78535111
2013,Cameroon,0,1,34.96312245
2013,Canada,1999,1372,1914.18473400
2013,Cayman Islands,0,0,4.56705262
2013,Central African Republic,0,0,1.75345632
2013,Chad,0,1,13.42764720
2013,Chile,1003,359,287.54795390
2013,China,47158,86270,9920.75992500
2013,Colombia,55,48,396.07870850
2013,Comoros,0,0,1.15707903
2013,Dem. Rep. Congo,2,19,33.87585640
2013,Congo,942,4,18.61602784
2013,Costa Rica,134,2,52.81447767
2013,Cote d'Ivoire,10,25,44.32530286
2013,Croatia,22,0,61.77019390
2013,Cuba,10,2,79.97169395
2013,Cyprus,17,0,24.83665826
2013,Czechia,642,112,219.43352180
2013,Denmark,1094,188,356.15992400
2013,Djibouti,0,2,2.11758631
2013,Dominica,0,0,0.51653444
2013,Dominican Republic,28,8,64.97638905
2013,Ecuador,20,12,100.10490480
2013,Egypt,26,480,298.99108530
2013,El Salvador,10,17,22.79585113
2013,Equatorial Guinea,30,0,22.75218357
2013,Eritrea,0,0,0.00000000
2013,Estonia,47,10,26.03501506
2013,Eswatini,4,0,4.76582802
2013,Ethiopia,17,0,49.39225118
2013,Fiji,162,302,4.34332502
2013,Finland,825,69,281.29454130
2013,France,4007,1248,2914.79441000
2013,French Polynesia,0,45,6.25259803
2013,Gabon,976,2,18.23976665
2013,Georgia,1,28,18.15882402
2013,Germany,11428,1924,3870.46563400
2013,Ghana,6,122,65.12407331
2013,Gibraltar,0,1,0.00000000
2013,Greece,170,12,247.65195040
2013,Grenada,0,0,0.87345920
2013,Guam,0,13,5.59660880
2013,Guatemala,11,12,54.93616920
2013,Guinea,0,5,8.68320633
2013,Guinea-Bissau,0,0,1.15029833
2013,Guyana,0,0,4.32034661
2013,Haiti,0,0,15.44793459
2013,Honduras,32,0,19.17683780
2013,Hong Kong,1221,10683,285.78766130
2013,Hungary,307,19,140.65049730
2013,Iceland,12,0,16.71525386
2013,India,2401,9502,1924.67937200
2013,Indonesia,5854,4581,945.92343260
2013,Iran,29,277,510.81164490
2013,Iraq,0,598,243.22564870
2013,Ireland,1517,69,246.82763010
2013,Israel,691,228,308.63009590
2013,Italy,5789,701,2220.32065800
2013,Jamaica,0,8,14.78628933
2013,Japan,18941,47052,5403.10460500
2013,Jordan,12,207,35.71550710
2013,Kazakhstan,0,39,245.29566650
2013,Kenya,30,94,63.92867680
2013,Kiribati,0,24,0.20915294
2013,South Korea,10575,19242,1420.79949200
2013,Kuwait,412,606,180.54284390
2013,Laos,51,41,12.42158978
2013,Latvia,11,14,31.31030874
2013,Lebanon,12,41,48.59596173
2013,Lesotho,0,0,2.45375163
2013,Liberia,0,3,3.29348673
2013,Libya,761,11,78.10903290
2013,Lithuania,50,4,48.22622377
2013,Luxembourg,46,1,67.58978159
2013,Madagascar,1,12,12.87827001
2013,Malawi,0,29,8.32553549
2013,Malaysia,9481,5209,335.10846900
2013,Maldives,0,29,3.41560987
2013,Mali,1,35,13.72738651
2013,Malta,20,4,10.93720887
2013,Marshall Islands,0,4,0.19261811
2013,Mauritania,0,22,7.48744272
2013,Mauritius,13,94,12.74290929
2013,Mexico,2089,394,1376.02178600
2013,Moldova,0,2,9.84430725
2013,Mongolia,0,23,13.04264087
2013,Montenegro,0,0,4.62922414
2013,Morocco,28,33,119.97546100
2013,Mozambique,0,421,17.82753973
2013,Myanmar,23,118,62.47566535
2013,Namibia,7,14,12.48410437
2013,Nauru,14,138,0.09783960
2013,Nepal,6,15,22.97336379
2013,Netherlands,1672,2281,909.27822710
2013,New Caledonia,131,283,10.52293370
2013,New Zealand,7401,7326,197.89734700
2013,Nicaragua,13,1,11.38492537
2013,Niger,1,0,10.59913891
2013,Nigeria,1871,166,539.15398920
2013,North Macedonia,4,0,11.21364107
2013,Northern Mariana Islands,0,1,0.80025597
2013,Norway,413,103,545.26712360
2013,Oman,83,386,93.22776910
2013,Pakistan,195,402,268.12434500
2013,Palau,0,0,0.23247350
2013,Panama,6,55,47.26890194
2013,Papua New Guinea,3000,2472,22.03952430
2013,Paraguay,0,1,39.91030171
2013,Peru,138,78,208.53876960
2013,Philippines,740,1370,294.29395600
2013,Poland,564,131,534.63935740
2013,Portugal,137,17,234.72156360
2013,Puerto Rico,492,4,106.19977250
2013,Qatar,722,503,206.00127340
2013,Romania,80,30,196.73573520
2013,Russian Federation,1057,737,2376.37677600
2013,Rwanda,0,18,8.10618212
2013,Samoa,35,26,0.82693428
2013,Sao Tome and Principe,0,0,0.27681574
2013,Saudi Arabia,270,2181,781.45672910
2013,Senegal,0,54,19.61110988
2013,Serbia,13,0,50.16551703
2013,Seychelles,0,3,1.38195541
2013,Sierra Leone,15,6,5.10043280
2013,Singapore,12900,5618,318.83396300
2013,Slovenia,88,38,50.18771874
2013,Solomon Islands,93,147,1.33297724
2013,Somalia,0,0,6.04962544
2013,South Africa,906,1321,415.55884260
2013,South Sudan,0,0,19.10089621
2013,"Southern and East Africa, nec",0,0,998.60675050
2013,Spain,2555,443,1405.19510300
2013,Sri Lanka,155,201,79.81887633
2013,St Lucia,0,0,1.72098802
2013,St Vincent and the Grenadines,0,0,0.79277302
2013,Sudan,0,291,44.59874017
2013,Suriname,0,2,5.33409745
2013,Sweden,2132,252,608.32081930
2013,Switzerland (includes Liechtenstein),2968,834,732.08384230
2013,Syria,0,2,22.14309793
2013,Taiwan,3988,7211,531.71411690
2013,Tajikistan,0,2,8.75763162
2013,Tanzania,6,126,47.31965107
2013,Thailand,11392,4898,435.71828670
2013,Timor-Leste,1,23,1.44681242
2013,Togo,0,2,6.24213443
2013,Tonga,0,5,0.46714490
2013,Trinidad and Tobago,8,19,29.76080300
2013,Tunisia,18,4,50.46738244
2013,Turkiye,643,922,992.85552560
2013,Turkmenistan,0,0,40.63221316
2013,Turks and Caicos Islands,0,0,0.78184387
2013,Tuvalu,0,0,0.04002927
2013,Uganda,1,34,29.97413322
2013,Ukraine,47,34,197.47125850
2013,United Arab Emirates,3770,2625,414.86692820
2013,United Kingdom,6194,3793,2886.78192600
2013,U.S. Virgin Islands,24571,9272,17498.53288000
2013,Uruguay,21,16,63.58264023
2013,Uzbekistan,0,5,75.85850048
2013,Vanuatu,0,68,0.78605917
2013,Vietnam,3813,2127,221.53076790
2013,"Virgin Islands, United States",0,0,3.87481454
2013,Yemen,0,321,41.89447140
2013,Zambia,0,18,29.06343046
2013,Zimbabwe,0,6,19.78977042
2014,Afghanistan,0,5,22.74086723
2014,Albania,0,0,14.67617991
2014,Algeria,2,48,265.09876190
2014,Angola,38,9,150.85054460
2014,Antigua and Barbuda,0,0,1.52976459
2014,Argentina,772,135,583.93378310
2014,Armenia,0,0,12.88036022
2014,Austria,1039,74,491.03280470
2014,Azerbaijan,85,10,83.47598381
2014,Bahrain,69,728,37.04253213
2014,Bangladesh,557,549,191.81181690
2014,Barbados,0,1,5.22762478
2014,Belarus,0,0,87.44012756
2014,Belgium,1747,1049,593.99722380
2014,Belize,2,0,2.35775461
2014,Benin,0,0,14.73873197
2014,Bermuda,9,0,7.11610161
2014,Bhutan,0,0,2.28253865
2014,Bolivia,29,0,36.60814873
2014,Bosnia and Herzegovina,4,0,20.59028389
2014,Botswana,0,1,17.16353721
2014,Brazil,599,1038,2724.89701000
2014,Brunei Darussalam,945,43,18.96943083
2014,Bulgaria,47,154,63.41461677
2014,Burkina Faso,0,7,15.46930227
2014,Burundi,0,2,3.00197461
2014,Cabo Verde,0,0,2.26545205
2014,Cambodia,119,44,18.53097884
2014,Cameroon,0,0,40.36963422
2014,Canada,2039,1218,2003.41809500
2014,Cayman Islands,1,0,5.06233091
2014,Central African Republic,0,0,2.10223103
2014,Chad,0,1,15.46680724
2014,Chile,943,255,287.97408030
2014,China,51976,82412,11622.34970000
2014,Colombia,68,34,422.97377690
2014,Comoros,0,0,1.27542842
2014,Dem. Rep. Congo,0,13,39.83986000
2014,Congo,866,2,19.88087748
2014,Costa Rica,134,1,57.71043717
2014,Cote d'Ivoire,19,7,54.18965407
2014,Croatia,24,1,66.00150384
2014,Cuba,10,4,89.48520064
2014,Cyprus,20,2,25.76835989
2014,Czechia,611,120,232.27650830
2014,Denmark,1085,113,391.63443250
2014,Djibouti,0,0,2.45711114
2014,Dominica,0,0,0.57739898
2014,Dominican Republic,30,8,74.53387671
2014,Ecuador,21,19,113.96190000
2014,Egypt,39,483,339.04771590
2014,El Salvador,19,25,25.06668679
2014,Equatorial Guinea,34,1,24.14803017
2014,Eritrea,0,1,0.00000000
2014,Estonia,37,3,29.54961060
2014,Eswatini,0,0,4.90715289
2014,Ethiopia,23,3,61.69987641
2014,Fiji,156,313,5.38879260
2014,Finland,763,45,304.95096100
2014,France,4247,1137,3168.59549700
2014,French Polynesia,0,48,6.82543102
2014,Gabon,1130,3,20.19668234
2014,Georgia,5,8,19.93268292
2014,Germany,11851,1677,4314.81651100
2014,Ghana,137,53,60.78023070
2014,Gibraltar,0,0,0.00000000
2014,Greece,205,13,261.23279310
2014,Grenada,0,0,1.01127415
2014,Guam,0,12,6.22410426
2014,Guatemala,14,4,64.18499685
2014,Guinea,0,1,9.73941804
2014,Guinea-Bissau,0,0,1.25952208
2014,Guyana,0,9,4.57949860
2014,Haiti,0,0,16.80495225
2014,Honduras,61,0,21.91920272
2014,Hong Kong,1196,9868,323.36495590
2014,Hungary,473,17,156.47225400
2014,Iceland,22,3,19.82356369
2014,India,3066,8819,2262.34149800
2014,Indonesia,6178,5024,988.32868360
2014,Iran,33,360,510.77905410
2014,Iraq,0,280,253.41940440
2014,Ireland,1572,51,288.10822060
2014,Israel,733,229,348.73851650
2014,Italy,6085,642,2398.67616100
2014,Jamaica,0,13,15.42070944
2014,Japan,17178,47618,5433.04879500
2014,Jordan,25,213,40.88120767
2014,Kazakhstan,1,20,245.65309520
2014,Kenya,34,88,75.76076952
2014,Kiribati,0,19,0.22202061
2014,South Korea,12334,19836,1646.98954700
2014,Kuwait,99,625,180.45514500
2014,Laos,1,35,14.73259901
2014,Latvia,18,8,34.82269450
2014,Lebanon,15,45,53.36000441
2014,Lesotho,0,0,2.70827646
2014,Liberia,0,14,3.57875122
2014,Libya,0,23,63.65267787
2014,Lithuania,34,3,53.84644517
2014,Luxembourg,19,0,76.33659944
2014,Madagascar,4,15,13.89379545
2014,Malawi,0,12,9.76477214
2014,Malaysia,11119,5982,375.07283830
2014,Maldives,0,35,4.10208749
2014,Mali,22,15,15.93740933
2014,Malta,22,3,12.89848416
2014,Marshall Islands,0,2,0.20574647
2014,Mauritania,0,9,7.31419652
2014,Mauritius,15,110,14.50530266
2014,Mexico,1970,501,1513.87491900
2014,Moldova,0,0,10.43129934
2014,Mongolia,0,10,13.56490232
2014,Montenegro,0,0,5.09672404
2014,Morocco,87,46,132.17161810
2014,Mozambique,0,405,19.94625333
2014,Myanmar,25,132,72.70483161
2014,Namibia,8,20,13.79668786
2014,Nauru,5,93,0.11000272
2014,Nepal,7,16,25.21995166
2014,Netherlands,1949,1997,989.83004750
2014,New Caledonia,204,310,11.79921040
2014,New Zealand,7848,7983,223.37717180
2014,Nicaragua,15,1,13.18093767
2014,Niger,1,0,12.05206652
2014,Nigeria,1615,221,637.03736330
2014,North Macedonia,9,0,12.60604698
2014,Northern Mariana Islands,0,0,0.92307571
2014,Norway,441,195,556.65955650
2014,Oman,42,372,102.84648830
2014,Pakistan,211,422,301.09850460
2014,Palau,0,0,0.27263043
2014,Panama,9,44,55.38609597
2014,Papua New Guinea,3665,2157,25.75162005
2014,Paraguay,1,0,44.79793970
2014,Peru,141,57,222.76551830
2014,Philippines,1175,1595,330.04789020
2014,Poland,761,316,598.09145840
2014,Portugal,153,17,255.06841260
2014,Puerto Rico,371,11,113.66013190
2014,Qatar,582,501,228.79918050
2014,Romania,118,45,221.57564890
2014,Russian Federation,1307,531,2284.65853000
2014,Rwanda,0,3,9.14085293
2014,Samoa,29,25,0.88389328
2014,Sao Tome and Principe,0,0,0.32520572
2014,Saudi Arabia,426,2257,850.52314450
2014,Senegal,0,13,21.96437959
2014,Serbia,12,0,52.21391347
2014,Seychelles,2,6,1.53947047
2014,Sierra Leone,0,3,5.56417250
2014,Singapore,12567,8415,349.33043750
2014,Slovenia,108,20,55.47017845
2014,Solomon Islands,40,137,1.48177108
2014,Somalia,0,0,7.25297924
2014,South Africa,913,1191,422.92718530
2014,South Sudan,0,0,15.49060044
2014,"Southern and East Africa, nec",0,0,1086.93237100
2014,Spain,3075,572,1521.98824500
2014,Sri Lanka,181,241,91.56260440
2014,St Lucia,0,0,1.94066149
2014,St Vincent and the Grenadines,0,0,0.85528734
2014,Sudan,0,186,54.93714902
2014,Suriname,0,0,5.81427424
2014,Sweden,2037,275,645.66929030
2014,Switzerland (includes Liechtenstein),2812,545,806.06899610
2014,Syria,0,2,23.85580612
2014,Taiwan,4402,6893,593.93043380
2014,Tajikistan,0,2,10.11012593
2014,Tanzania,34,58,55.45857346
2014,Thailand,10909,5134,451.92881560
2014,Timor-Leste,1,38,1.60599109
2014,Togo,8,1,7.09316924
2014,Tonga,0,13,0.48802926
2014,Trinidad and Tobago,10,19,32.95110554
2014,Tunisia,22,6,55.77486719
2014,Turkiye,755,495,1041.71602500
2014,Turkmenistan,0,1,48.28863176
2014,Turks and Caicos Islands,0,0,0.93313857
2014,Tuvalu,0,0,0.04300399
2014,Uganda,1,16,36.18234594
2014,Ukraine,33,114,148.11800670
2014,United Arab Emirates,2817,2942,459.43582480
2014,United Kingdom,6073,3670,3400.18960100
2014,United States of America,26419,11254,19535.63043000
2014,Uruguay,27,8,68.22792858
2014,Uzbekistan,0,2,89.69520681
2014,Vanuatu,0,76,0.85685833
2014,Vietnam,4944,3042,259.00646820
2014,"Virgin Islands, United States",0,0,3.95524629
2014,Yemen,0,316,47.96064564
2014,Zambia,0,26,30.11204284
2014,Zimbabwe,0,0,21.62961615
2015,Afghanistan,0,0,25.48919414
2015,Albania,0,0,15.16872309
2015,Algeria,0,13,249.76543990
2015,Angola,26,5,120.55263470
2015,Antigua and Barbuda,2,0,1.91527156
2015,Argentina,828,337,792.28098660
2015,Armenia,0,1,14.05837530
2015,Austria,1124,90,508.83369820
2015,Azerbaijan,0,8,70.70423310
2015,Bahrain,92,912,41.46355547
2015,Bangladesh,848,686,259.95987030
2015,Barbados,0,1,6.31247947
2015,Belarus,0,0,75.20502566
2015,Belgium,1636,1204,615.88924000
2015,Belize,0,0,2.92362933
2015,Benin,0,0,15.17046536
2015,Bermuda,2,0,8.86468708
2015,Bhutan,0,0,2.87062631
2015,Bolivia,23,1,43.96042209
2015,Bosnia and Herzegovina,11,0,21.85265964
2015,Botswana,0,8,18.02466234
2015,Brazil,644,1117,2400.77373800
2015,Brunei Darussalam,397,46,17.22477748
2015,Bulgaria,59,89,67.68798057
2015,Burkina Faso,0,18,15.76192706
2015,Burundi,0,1,4.13492383
2015,Cabo Verde,0,0,2.33103083
2015,Cambodia,161,44,24.04481341
2015,Cameroon,0,5,42.90808887
2015,Canada,2224,1540,2073.46586300
2015,Cayman Islands,10,0,6.27187201
2015,Central African Republic,0,1,2.25905353
2015,Chad,0,0,14.58730224
2015,Chile,875,312,322.97442270
2015,China,61670,75236,14735.40849000
2015,Colombia,82,32,390.96881710
2015,Comoros,0,0,1.28687315
2015,Dem. Rep. Congo,0,7,50.51116269
2015,Congo,129,3,16.56471222
2015,Costa Rica,111,4,75.18775022
2015,Cote d'Ivoire,26,15,61.03135958
2015,Croatia,27,1,67.95330600
2015,Cuba,13,0,116.07186830
2015,Cyprus,22,0,26.52165496
2015,Czechia,841,139,250.48371540
2015,Denmark,1125,120,403.19866720
2015,Djibouti,0,1,3.22959533
2015,Dominica,0,0,0.72032987
2015,Dominican Republic,34,12,94.80051611
2015,Ecuador,34,14,129.49537970
2015,Egypt,34,540,438.75778050
2015,El Salvador,23,18,31.22268890
2015,Equatorial Guinea,47,5,17.56474322
2015,Eritrea,0,8,0.00000000
2015,Estonia,61,6,30.49337934
2015,Eswatini,0,0,5.41275520
2015,Ethiopia,28,1,86.04112388
2015,Fiji,185,367,6.23765321
2015,Finland,723,36,312.42934870
2015,France,4370,1113,3249.30661000
2015,French Polynesia,0,49,7.09469841
2015,Gabon,592,4,19.16011181
2015,Georgia,3,4,20.28001467
2015,Germany,12366,1853,4472.72723400
2015,Ghana,7,60,65.81503055
2015,Gibraltar,0,3,0.00000000
2015,Greece,199,13,260.67511410
2015,Grenada,0,0,1.32813949
2015,Guam,3,14,7.72499867
2015,Guatemala,29,15,82.83967365
2015,Guinea,0,5,11.71498566
2015,Guinea-Bissau,0,0,1.53512091
2015,Guyana,0,0,5.70128640
2015,Haiti,0,0,19.78157729
2015,Honduras,51,0,27.94772598
2015,Hong Kong,1203,8982,412.14063190
2015,Hungary,547,23,166.74776240
2015,Iceland,23,0,23.33513158
2015,India,4769,10339,2802.24474800
2015,Indonesia,5623,4966,1146.76630600
2015,Iran,32,92,543.79104140
2015,Iraq,0,38,222.16412130
2015,Ireland,2091,63,389.46598810
2015,Israel,794,304,404.18604690
2015,Italy,5813,716,2446.63284700
2015,Jamaica,0,38,18.90145178
2015,Japan,19699,39540,5921.20769000
2015,Jordan,39,243,51.40276979
2015,Kazakhstan,2,19,245.62858800
2015,Kenya,41,75,93.40927044
2015,Kiribati,0,27,0.25519847
2015,South Korea,15099,17675,1952.94858400
2015,Kuwait,11,741,152.64239810
2015,Laos,3,26,19.21724968
2015,Latvia,21,6,36.31787176
2015,Lebanon,15,54,66.51216910
2015,Lesotho,0,0,3.14340004
2015,Liberia,0,1,4.29887144
2015,Libya,0,4,64.89785017
2015,Lithuania,45,12,55.19735129
2015,Luxembourg,25,12,80.02291920
2015,Madagascar,6,8,15.08369027
2015,Malawi,0,17,12.28150153
2015,Malaysia,9949,4554,401.44318640
2015,Maldives,0,35,5.50102140
2015,Mali,5,15,17.45719735
2015,Malta,22,2,14.77525376
2015,Marshall Islands,0,5,0.24407603
2015,Mauritania,0,4,8.21503974
2015,Mauritius,23,100,15.99522459
2015,Mexico,2461,527,1616.26110600
2015,Moldova,0,0,10.38747521
2015,Mongolia,9,9,15.47916104
2015,Montenegro,0,0,5.40141136
2015,Morocco,41,15,147.08512550
2015,Mozambique,0,459,21.59241138
2015,Myanmar,48,142,79.40442134
2015,Namibia,11,11,15.09986279
2015,Nauru,15,67,0.11304880
2015,Nepal,9,37,32.45165677
2015,Netherlands,2124,2253,1019.83939300
2015,New Caledonia,146,362,11.64038751
2015,New Zealand,7609,8341,237.25726320
2015,Nicaragua,18,2,16.99354051
2015,Niger,1,0,12.90013225
2015,Nigeria,0,245,656.77366290
2015,North Macedonia,10,0,13.40720872
2015,Northern Mariana Islands,0,2,1.21223466
2015,Norway,362,56,517.07737840
2015,Oman,78,499,104.85269420
2015,Pakistan,278,643,399.58929800
2015,Palau,0,1,0.38260787
2015,Panama,7,55,72.05709317
2015,Papua New Guinea,2985,1699,28.93835525
2015,Paraguay,1,0,48.23821117
2015,Peru,139,82,252.84147960
2015,Philippines,744,1537,408.22451270
2015,Poland,763,304,635.57235160
2015,Portugal,191,17,265.61802030
2015,Puerto Rico,420,0,137.70919130
2015,Qatar,555,667,215.45800010
2015,Romania,135,55,236.96374550
2015,Russian Federation,337,528,1816.33006500
2015,Rwanda,1,3,11.38136362
2015,Samoa,33,34,1.09787231
2015,Sao Tome and Principe,0,0,0.34635228
2015,Saudi Arabia,434,2166,891.83739820
2015,Senegal,0,23,23.67822886
2015,Serbia,17,0,52.82672169
2015,Seychelles,1,9,1.90814175
2015,Sierra Leone,1,5,5.66423886
2015,Singapore,9190,6748,410.29287010
2015,Slovenia,129,34,57.42462957
2015,Solomon Islands,11,156,1.74230077
2015,Somalia,0,0,9.30482970
2015,South Africa,1186,1228,461.86112630
2015,South Sudan,0,0,15.98258234
2015,"Southern and East Africa, nec",0,0,1197.97515200
2015,Spain,2055,561,1593.43180200
2015,Sri Lanka,211,320,113.41848030
2015,St Lucia,0,0,2.40800523
2015,St Vincent and the Grenadines,0,0,1.04779111
2015,Sudan,1,72,68.90656013
2015,Suriname,0,2,6.82879445
2015,Sweden,1937,267,672.86187980
2015,Switzerland (includes Liechtenstein),3203,695,924.65288310
2015,Syria,0,4,21.93593647
2015,Taiwan,4736,6286,712.04798950
2015,Tajikistan,0,0,11.01858894
2015,Tanzania,7,116,63.16131535
2015,Thailand,13575,4306,534.57715260
2015,Timor-Leste,1,26,2.12501419
2015,Togo,12,4,7.66699929
2015,Tonga,0,13,0.58214316
2015,Trinidad and Tobago,11,21,36.00214516
2015,Tunisia,29,7,60.98405428
2015,Turkiye,818,466,1151.37489900
2015,Turkmenistan,1,1,47.68973019
2015,Turks and Caicos Islands,0,0,1.25495594
2015,Tuvalu,0,6,0.04903814
2015,Uganda,0,9,43.14380951
2015,Ukraine,27,145,121.26471900
2015,United Arab Emirates,2471,3358,493.25358020
2015,United Kingdom,7112,3689,3900.34655700
2015,United States of America,29642,13605,24371.27048000
2015,Uruguay,20,9,76.83746462
2015,Uzbekistan,0,1,114.82428540
2015,Vanuatu,0,86,0.97361200
2015,Vietnam,4481,3463,318.72224000
2015,"Virgin Islands, United States",0,0,4.87957754
2015,Yemen,0,386,56.54140878
2015,Zambia,3,20,28.30929843
2015,Zimbabwe,0,0,26.59339199
2016,Afghanistan,0,22,24.38175416
2016,Albania,2,1,15.96311112
2016,Algeria,370,6,243.27667510
2016,Angola,13,7,71.00795626
2016,Antigua and Barbuda,0,0,2.00486702
2016,Argentina,668,167,750.34149300
2016,Armenia,0,0,14.19326435
2016,Austria,1442,49,532.72820150
2016,Azerbaijan,0,2,50.96238895
2016,Bahrain,61,753,43.40306747
2016,Bangladesh,886,821,356.94604770
2016,Barbados,1,2,6.52484754
2016,Belarus,0,0,64.22758811
2016,Belgium,1700,950,640.69763650
2016,Belize,0,0,3.01544905
2016,Benin,0,1,15.90909777
2016,Bermuda,0,0,9.28607962
2016,Bhutan,0,0,3.12599112
2016,Bolivia,13,1,45.67885010
2016,Bosnia and Herzegovina,27,0,23.03640449
2016,Botswana,0,0,20.29860527
2016,Brazil,754,1149,2416.69097700
2016,Brunei Darussalam,315,42,15.34304403
2016,Bulgaria,70,92,72.62649504
2016,Burkina Faso,0,14,17.27147365
2016,Burundi,0,0,3.55902041
2016,Cabo Verde,0,0,2.48949546
2016,Cambodia,213,45,26.93905970
2016,Cameroon,0,3,45.50821396
2016,Canada,2102,1775,2056.41505200
2016,Cayman Islands,1,0,6.60709346
2016,Central African Republic,0,3,2.45615687
2016,Chad,0,1,13.58985231
2016,Chile,533,472,335.57480080
2016,China,59374,81703,15118.08568000
2016,Colombia,76,49,380.49206170
2016,Comoros,0,0,1.36310034
2016,Dem. Rep. Congo,0,2,49.97698144
2016,Congo,268,0,14.71166564
2016,Costa Rica,113,11,79.19784901
2016,Cote d'Ivoire,21,22,65.14842341
2016,Croatia,30,13,70.97894300
2016,Cuba,12,0,122.96867050
2016,Cyprus,29,4,28.32486247
2016,Czechia,752,145,264.14805300
2016,Denmark,1211,132,421.39955870
2016,Djibouti,0,3,3.50581648
2016,Dominica,0,0,0.77550482
2016,Dominican Republic,76,7,101.88528340
2016,Ecuador,30,18,131.44875400
2016,Egypt,34,417,447.40870730
2016,El Salvador,11,19,32.55745547
2016,Equatorial Guinea,88,0,15.12817281
2016,Eritrea,0,0,0.00000000
2016,Estonia,74,10,32.39783953
2016,Eswatini,2,0,5.13569785
2016,Ethiopia,24,3,99.99049142
2016,Fiji,189,418,6.63520971
2016,Finland,764,67,324.03634460
2016,France,4511,1261,3328.17971200
2016,French Polynesia,0,49,7.39805461
2016,Gabon,604,1,18.87371614
2016,Georgia,1,3,20.78567547
2016,Germany,13525,2405,4669.81900800
2016,Ghana,11,119,75.58822215
2016,Gibraltar,0,0,0.00000000
2016,Greece,213,14,259.94379750
2016,Grenada,0,0,1.42878371
2016,Guam,0,15,7.94171923
2016,Guatemala,18,4,88.89638778
2016,Guinea,0,3,11.56866054
2016,Guinea-Bissau,0,0,1.67565332
2016,Guyana,0,1,6.03293063
2016,Haiti,1,2,18.93479950
2016,Honduras,24,0,29.22811740
2016,Hong Kong,921,9964,431.82215770
2016,Hungary,584,33,173.08644330
2016,Iceland,17,218,27.98398616
2016,India,4366,11250,3088.39731300
2016,Indonesia,4909,5363,1254.14478500
2016,Iran,84,80,616.32722710
2016,Iraq,0,36,224.40781530
2016,Ireland,2731,105,401.80882140
2016,Israel,794,260,433.49431000
2016,Italy,5898,733,2526.21188100
2016,Jamaica,0,16,18.94532271
2016,Japan,19583,35558,6734.07944700
2016,Jordan,30,190,53.68843251
2016,Kazakhstan,0,14,184.75273240
2016,Kenya,30,67,100.68816620
2016,Kiribati,0,25,0.27812648
2016,South Korea,10932,17298,2018.30809900
2016,Kuwait,19,700,147.24234660
2016,Laos,12,24,21.41478331
2016,Latvia,16,7,37.79563571
2016,Lebanon,16,42,68.83537798
2016,Lesotho,0,0,2.84565010
2016,Liberia,0,0,4.57368146
2016,Libya,0,1,67.17296650
2016,Lithuania,50,10,57.93418809
2016,Luxembourg,21,1,83.73310206
2016,Madagascar,11,9,15.94617259
2016,Malawi,0,19,10.64530684
2016,Malaysia,9316,4726,405.43820300
2016,Maldives,1,37,5.93501544
2016,Mali,5,13,18.87662053
2016,Malta,23,3,15.70311872
2016,Marshall Islands,0,4,0.27037740
2016,Mauritania,0,10,8.61160088
2016,Mauritius,26,88,16.94954187
2016,Mexico,2504,464,1496.87275900
2016,Moldova,0,0,10.74092570
2016,Mongolia,1,15,15.04815242
2016,Montenegro,0,0,5.89058697
2016,Morocco,66,23,150.15777300
2016,Mozambique,0,369,16.24284295
2016,Myanmar,32,158,85.18858133
2016,Namibia,10,8,14.42997158
2016,Nauru,7,57,0.13127448
2016,Nepal,8,46,33.00518417
2016,Netherlands,2265,2572,1055.20891300
2016,New Caledonia,30,343,11.74175174
2016,New Zealand,7549,8667,254.22412130
2016,Nicaragua,19,2,17.88080383
2016,Niger,0,1,13.99505883
2016,Nigeria,0,191,544.58731360
2016,North Macedonia,12,0,14.36328367
2016,Northern Mariana Islands,0,3,1.65536598
2016,Norway,319,69,499.24296670
2016,Oman,48,494,101.11020980
2016,Pakistan,347,647,422.09140860
2016,Palau,0,1,0.41102088
2016,Panama,3,46,77.93368826
2016,Papua New Guinea,3557,1704,27.93783633
2016,Paraguay,2,0,48.57045689
2016,Peru,353,62,258.26145820
2016,Philippines,778,1917,428.81650500
2016,Poland,893,384,632.57132650
2016,Portugal,209,17,277.81368290
2016,Puerto Rico,330,2,140.41904360
2016,Qatar,343,558,204.20511540
2016,Romania,252,54,249.36491070
2016,Russian Federation,219,448,1718.33226700
2016,Rwanda,0,2,11.70232326
2016,Samoa,33,30,1.13577593
2016,Sao Tome and Principe,0,0,0.39334089
2016,Saudi Arabia,435,1599,896.32011600
2016,Senegal,2,24,25.62494739
2016,Serbia,24,0,54.76524207
2016,Seychelles,0,6,2.11094605
2016,Sierra Leone,1,0,5.19855071
2016,Singapore,6990,5503,429.39109310
2016,Slovenia,135,48,60.24821947
2016,Solomon Islands,10,107,1.85655392
2016,Somalia,0,1,9.94672625
2016,South Africa,1059,975,435.48979210
2016,South Sudan,0,0,0.00000000
2016,"Southern and East Africa, nec",0,0,1116.80673500
2016,Spain,2092,556,1660.15034700
2016,Sri Lanka,223,219,118.44921770
2016,St Lucia,0,0,2.51473570
2016,St Vincent and the Grenadines,0,0,1.09591110
2016,Sudan,1,8,57.37306841
2016,Suriname,0,0,4.46467231
2016,Sweden,2048,296,693.98146390
2016,Switzerland (includes Liechtenstein),3170,1072,925.78759660
2016,Syria,0,1,16.95452065
2016,Taiwan,4354,7211,730.89118410
2016,Tajikistan,0,0,9.41057539
2016,Tanzania,4,52,66.98769427
2016,Thailand,14581,3545,556.31918100
2016,Timor-Leste,1,37,2.22411703
2016,Togo,11,4,8.17073973
2016,Tonga,1,19,0.56598539
2016,Trinidad and Tobago,9,19,31.91447570
2016,Tunisia,31,10,59.70093918
2016,Turkiye,993,539,1170.44183400
2016,Turkmenistan,2,1,48.67775738
2016,Turks and Caicos Islands,0,0,1.38950075
2016,Tuvalu,0,2,0.05602548
2016,Uganda,3,8,39.30348729
2016,Ukraine,45,52,125.64075630
2016,United Arab Emirates,2044,2881,496.95341870
2016,United Kingdom,7125,10073,3619.06953500
2016,United States of America,28809,11979,25308.14084000
2016,Uruguay,23,11,77.35913950
2016,Uzbekistan,0,0,115.92714850
2016,Vanuatu,0,88,1.05094154
2016,Vietnam,4505,3760,346.00648290
2016,"Virgin Islands, United States",1,0,5.11144715
2016,Yemen,0,254,42.14834352
2016,Zambia,0,17,28.20637651
2016,Zimbabwe,0,0,27.65494525
2017,Afghanistan,0,12,24.46943502
2017,Albania,0,2,16.98808668
2017,Algeria,430,32,247.75583480
2017,Angola,0,7,96.15061947
2017,Antigua and Barbuda,2,0,1.99784081
2017,Argentina,731,337,839.80375300
2017,Armenia,0,1,15.04098201
2017,Austria,1614,55,544.44068190
2017,Azerbaijan,0,3,53.32261190
2017,Bahrain,88,896,46.22062850
2017,Bangladesh,851,1194,383.26092190
2017,Barbados,0,0,6.52457734
2017,Belarus,2,0,71.40535547
2017,Belgium,1976,1256,656.00539630
2017,Belize,1,0,2.95753519
2017,Benin,0,0,16.57306973
2017,Bermuda,0,0,9.31926535
2017,Bhutan,0,0,3.38119370
2017,Bolivia,18,1,48.94112627
2017,Bosnia and Herzegovina,24,0,23.91217866
2017,Botswana,8,1,21.01394294
2017,Brazil,736,1497,2692.46608800
2017,Brunei Darussalam,272,41,15.82480585
2017,Bulgaria,68,20,77.38712217
2017,Burkina Faso,0,17,18.40669926
2017,Burundi,0,0,3.55372538
2017,Cabo Verde,0,0,2.60534037
2017,Cambodia,175,39,28.93672262
2017,Cameroon,0,5,47.10123981
2017,Canada,2134,1624,2151.95521600
2017,Cayman Islands,19,1,6.74094317
2017,Central African Republic,0,0,2.70399396
2017,Chad,0,1,13.04847459
2017,Chile,454,388,360.32497380
2017,China,63978,99563,16062.67985000
2017,Colombia,99,52,406.92265120
2017,Comoros,0,0,1.40583909
2017,Dem. Rep. Congo,0,1,49.60738463
2017,Congo,314,0,15.44157309
2017,Costa Rica,120,3,78.96109300
2017,Cote d'Ivoire,20,61,68.51789640
2017,Croatia,37,1,73.48930727
2017,Cuba,12,0,126.37034030
2017,Cyprus,27,4,29.94061020
2017,Czechia,716,172,285.26616760
2017,Denmark,1317,159,433.35023560
2017,Djibouti,1,3,3.60460508
2017,Dominica,0,0,0.68051877
2017,Dominican Republic,62,11,104.38113080
2017,Ecuador,31,21,136.30875790
2017,Egypt,50,539,324.06275110
2017,El Salvador,12,16,32.59274720
2017,Equatorial Guinea,26,0,15.91970363
2017,Eritrea,0,2,0.00000000
2017,Estonia,96,12,35.13082998
2017,Eswatini,4,0,5.74497663
2017,Ethiopia,29,0,106.69432600
2017,Fiji,175,424,6.98518517
2017,Finland,864,59,333.56846160
2017,France,4793,1417,3386.14270300
2017,French Polynesia,0,51,7.61133526
2017,Gabon,571,1,19.47993555
2017,Georgia,3,11,21.49406810
2017,Germany,13678,2399,4815.80521100
2017,Ghana,8,100,78.81740811
2017,Gibraltar,0,0,0.00000000
2017,Greece,229,19,260.75618160
2017,Grenada,0,0,1.46878953
2017,Guam,1,10,7.84573835
2017,Guatemala,20,1,93.49353169
2017,Guinea,0,7,13.47158586
2017,Guinea-Bissau,0,0,1.91802221
2017,Guyana,0,3,6.19539888
2017,Haiti,0,0,19.69375205
2017,Honduras,41,1,30.18808383
2017,Hong Kong,752,12001,445.29202310
2017,Hungary,619,28,186.73222090
2017,Iceland,9,272,32.26536759
2017,India,5099,15734,3459.63301200
2017,Indonesia,4179,6661,1325.17527500
2017,Iran,44,150,634.95306940
2017,Iraq,0,90,244.28085400
2017,Ireland,1799,97,440.03176640
2017,Israel,813,213,467.43720080
2017,Italy,6230,732,2559.74383100
2017,Jamaica,0,19,19.32270457
2017,Japan,20974,44093,6433.73687600
2017,Jordan,21,141,54.29052075
2017,Kazakhstan,0,13,217.64752600
2017,Kenya,34,121,107.04091120
2017,Kiribati,0,24,0.29100848
2017,South Korea,20852,20314,2117.78070200
2017,Kuwait,40,563,157.47261900
2017,Laos,16,24,24.56013306
2017,Latvia,19,11,39.77514816
2017,Lebanon,19,47,69.19030565
2017,Lesotho,0,0,3.00982731
2017,Liberia,0,0,4.42417623
2017,Libya,54,1,87.62677498
2017,Lithuania,64,7,62.31540891
2017,Luxembourg,33,2,85.74099006
2017,Madagascar,19,18,17.19240127
2017,Malawi,0,6,11.66950002
2017,Malaysia,11088,5695,416.37226960
2017,Maldives,0,41,6.28445371
2017,Mali,0,13,20.04912092
2017,Malta,17,2,17.59457637
2017,Marshall Islands,0,1,0.27783767
2017,Mauritania,0,16,8.87279012
2017,Mauritius,17,105,17.89332795
2017,Mexico,2783,223,1553.64861900
2017,Moldova,0,0,12.41435630
2017,Mongolia,0,24,14.98016421
2017,Montenegro,0,2,6.33687158
2017,Morocco,58,41,154.67126600
2017,Mozambique,25,561,17.30765006
2017,Myanmar,39,173,86.18574301
2017,Namibia,9,10,16.82554426
2017,Nauru,7,43,0.14268680
2017,Nepal,11,51,37.80201336
2017,Netherlands,2281,2928,1088.02977300
2017,New Caledonia,32,394,11.97026202
2017,New Zealand,7678,8962,269.52768670
2017,Nicaragua,23,0,17.98784352
2017,Niger,0,4,14.59427929
2017,Nigeria,517,217,490.27152690
2017,North Macedonia,8,0,14.75341588
2017,Northern Mariana Islands,0,0,2.03548176
2017,Norway,397,86,524.19562790
2017,Oman,92,375,105.50149480
2017,Pakistan,301,700,442.59402510
2017,Palau,0,1,0.38145158
2017,Panama,9,116,81.16183415
2017,Papua New Guinea,3336,1735,29.67458286
2017,Paraguay,3,2,50.88329855
2017,Peru,356,65,275.32237360
2017,Philippines,675,2299,428.60035150
2017,Poland,1032,448,684.54980810
2017,Portugal,242,54,288.82686950
2017,Puerto Rico,303,1,134.97527460
2017,Qatar,320,511,210.20149030
2017,Romania,171,76,274.19917870
2017,Russian Federation,407,484,2054.00902800
2017,Rwanda,0,0,12.07306095
2017,Samoa,17,32,1.15454141
2017,Sao Tome and Principe,0,0,0.42014802
2017,Saudi Arabia,409,1262,932.92218110
2017,Senegal,1,50,27.39623134
2017,Serbia,28,0,57.64468136
2017,Seychelles,0,7,2.18601691
2017,Sierra Leone,15,2,4.85311489
2017,Singapore,8196,6629,447.88057530
2017,Slovenia,164,121,63.39886338
2017,Solomon Islands,16,115,1.91777496
2017,Somalia,0,1,10.76769117
2017,South Africa,1111,1393,497.71288760
2017,South Sudan,0,0,0.00000000
2017,"Southern and East Africa, nec",0,0,1226.64587100
2017,Spain,2179,658,1713.51725400
2017,Sri Lanka,244,281,123.14173760
2017,St Lucia,0,1,2.60763964
2017,St Vincent and the Grenadines,0,0,1.10130098
2017,Sudan,0,10,53.86669960
2017,Suriname,0,2,4.68640896
2017,Sweden,2283,297,705.91910060
2017,Switzerland (includes Liechtenstein),3022,1439,907.09526620
2017,Syria,0,0,21.35930611
2017,Taiwan,4208,8631,849.88620470
2017,Tajikistan,0,0,9.83346830
2017,Tanzania,6,43,69.51285624
2017,Thailand,14346,4464,595.45254490
2017,Timor-Leste,1,30,2.08533593
2017,Togo,27,4,8.33428335
2017,Tonga,0,13,0.60069462
2017,Trinidad and Tobago,8,26,31.36768725
2017,Tunisia,32,3,55.01480606
2017,Turkiye,843,1459,1120.80475000
2017,Turkmenistan,2,1,49.48606589
2017,Turks and Caicos Islands,0,0,1.34255897
2017,Tuvalu,0,1,0.05907672
2017,Uganda,0,16,40.11526649
2017,Ukraine,33,65,146.25524270
2017,United Arab Emirates,2111,3443,509.54476380
2017,United Kingdom,6844,6014,3497.04645800
2017,United States of America,29715,11731,25589.79224000
2017,Uruguay,19,6,84.81963099
2017,Uzbekistan,0,2,81.00346159
2017,Vanuatu,0,75,1.14830116
2017,Vietnam,5072,4609,367.10905970
2017,"Virgin Islands, United States",0,0,4.95039602
2017,Yemen,0,271,35.02363309
2017,Zambia,0,20,33.75977143
2017,Zimbabwe,0,0,22.94469535
2018,Afghanistan,0,6,24.18655235
2018,Albania,11,1,20.30560688
2018,Algeria,735,11,260.65164570
2018,Angola,32,23,106.44294730
2018,Antigua and Barbuda,3,0,2.22601106
2018,Argentina,709,445,703.12010330
2018,Armenia,0,0,16.69035163
2018,Austria,1943,40,609.56805560
2018,Azerbaijan,58,2,63.11827218
2018,Bahrain,96,1421,50.64470740
2018,Bangladesh,966,902,430.54124680
2018,Barbados,0,0,6.87062869
2018,Belarus,22,0,80.42592467
2018,Belgium,2084,961,727.87731880
2018,Belize,0,2,3.07172973
2018,Benin,0,1,19.10786156
2018,Bermuda,0,0,9.68090152
2018,Bhutan,0,0,3.46098787
2018,Bolivia,14,1,53.97481229
2018,Bosnia and Herzegovina,20,0,27.44322439
2018,Botswana,0,0,22.81830744
2018,Brazil,828,1405,2568.18535300
2018,Brunei Darussalam,767,50,18.17611481
2018,Bulgaria,81,68,88.91845548
2018,Burkina Faso,0,14,21.28849376
2018,Burundi,0,0,3.57332001
2018,Cabo Verde,0,0,2.95425119
2018,Cambodia,183,56,32.91966286
2018,Cameroon,0,0,53.52989167
2018,Canada,2148,1912,2311.48563100
2018,Cayman Islands,1,0,7.40897922
2018,Central African Republic,0,1,2.97552572
2018,Chad,0,0,15.05751784
2018,Chile,461,325,396.37102800
2018,China,74518,117815,18615.50827000
2018,Colombia,87,53,447.73738390
2018,Comoros,0,0,1.59267474
2018,Dem. Rep. Congo,0,1,63.72884341
2018,Congo,510,0,19.79312606
2018,Costa Rica,127,4,83.62654217
2018,Cote d'Ivoire,9,78,78.40467030
2018,Croatia,39,1,82.87760404
2018,Cuba,10,0,134.04063520
2018,Cyprus,34,4,34.29362591
2018,Czechia,711,185,333.59498840
2018,Denmark,1426,96,478.07302390
2018,Djibouti,1,1,3.90327627
2018,Dominica,0,0,0.74324584
2018,Dominican Republic,47,16,114.62163620
2018,Ecuador,27,23,143.99343460
2018,Egypt,54,612,351.79944420
2018,El Salvador,11,21,34.86106950
2018,Equatorial Guinea,0,0,17.54653865
2018,Eritrea,0,7,0.00000000
2018,Estonia,167,10,41.02904014
2018,Eswatini,1,0,6.25200937
2018,Ethiopia,25,4,112.89847640
2018,Fiji,175,474,7.47763644
2018,Finland,1135,88,369.37593550
2018,France,5301,1634,3739.14540500
2018,French Polynesia,0,57,8.21943611
2018,Gabon,460,0,22.59776439
2018,Georgia,0,76,23.98468387
2018,Germany,15017,2719,5324.70484300
2018,Ghana,2,85,90.16277868
2018,Gibraltar,0,0,0.00000000
2018,Greece,265,31,284.09027830
2018,Grenada,0,0,1.56282189
2018,Guam,0,12,8.10674254
2018,Guatemala,22,4,98.24065157
2018,Guinea,0,12,15.88529044
2018,Guinea-Bissau,0,0,2.08212873
2018,Guyana,0,3,6.41416964
2018,Haiti,0,0,21.97684797
2018,Honduras,79,0,32.24443213
2018,Hong Kong,1005,10326,484.62413810
2018,Hungary,623,36,215.11557230
2018,Iceland,13,427,35.18260692
2018,India,5492,16628,3621.21214600
2018,Indonesia,4972,6411,1396.36869500
2018,Iran,63,150,441.70015310
2018,Iraq,0,275,304.61238350
2018,Ireland,1923,105,518.06701250
2018,Israel,802,283,504.66719900
2018,Italy,7037,872,2802.63718100
2018,Jamaica,0,25,21.07510952
2018,Japan,22523,55414,6753.44966600
2018,Jordan,54,132,58.10550344
2018,Kazakhstan,1,14,240.26822440
2018,Kenya,38,79,123.52765160
2018,Kiribati,0,19,0.31330963
2018,South Korea,13188,23741,2311.54498700
2018,Kuwait,51,383,185.15491270
2018,Laos,22,26,24.30415078
2018,Latvia,69,16,46.12580214
2018,Lebanon,21,39,73.55354167
2018,Lesotho,0,0,3.42469652
2018,Liberia,0,1,4.58558783
2018,Libya,720,3,102.73903480
2018,Lithuania,110,5,72.01270092
2018,Luxembourg,29,58,95.12173798
2018,Madagascar,30,20,18.43481195
2018,Malawi,0,0,13.23749705
2018,Malaysia,12928,7382,480.68233300
2018,Maldives,2,45,7.24039443
2018,Mali,0,14,22.87045586
2018,Malta,18,1,20.63782035
2018,Marshall Islands,1,3,0.29397832
2018,Mauritania,0,12,10.01258473
2018,Mauritius,27,99,19.74194232
2018,Mexico,3103,254,1683.11058200
2018,Moldova,0,0,15.07518296
2018,Mongolia,1,38,17.65516791
2018,Montenegro,0,0,7.37784877
2018,Morocco,44,21,170.60351970
2018,Mozambique,11,701,20.11929653
2018,Myanmar,42,161,90.91517625
2018,Namibia,56,10,18.33029318
2018,Nauru,4,47,0.17549948
2018,Nepal,10,48,44.36070238
2018,Netherlands,3015,3492,1224.57690000
2018,New Caledonia,47,439,13.25856641
2018,New Zealand,7844,9610,283.81845710
2018,Nicaragua,19,1,17.45038282
2018,Niger,0,0,17.19860300
2018,Nigeria,623,144,565.01925790
2018,North Macedonia,11,0,16.99196294
2018,Northern Mariana Islands,0,3,1.74299654
2018,Norway,444,171,589.20065450
2018,Oman,67,608,122.59368380
2018,Pakistan,311,467,477.11772550
2018,Palau,0,0,0.38605964
2018,Panama,16,136,90.15642107
2018,Papua New Guinea,3571,2145,32.30074117
2018,Paraguay,0,1,53.89148126
2018,Peru,323,54,298.22122740
2018,Philippines,717,2192,464.67657520
2018,Poland,1014,523,788.80948930
2018,Portugal,299,40,324.63560560
2018,Puerto Rico,395,5,135.25720110
2018,Qatar,441,871,245.62043770
2018,Romania,212,48,325.97924470
2018,Russian Federation,214,619,2220.38302200
2018,Rwanda,0,0,12.91224769
2018,Samoa,5,39,1.17688899
2018,Sao Tome and Principe,0,0,0.51407992
2018,Saudi Arabia,599,736,1134.19870500
2018,Senegal,0,25,30.97027728
2018,Serbia,30,0,67.84511910
2018,Seychelles,8,9,2.39050960
2018,Sierra Leone,3,2,5.47297481
2018,Singapore,11443,9836,504.93671510
2018,Slovenia,161,39,72.58405949
2018,Solomon Islands,10,127,2.16431456
2018,Somalia,0,1,11.09061905
2018,South Africa,1162,1666,542.94238120
2018,South Sudan,0,0,0.00000000
2018,"Southern and East Africa, nec",0,0,1356.77655700
2018,Spain,2566,867,1904.70630900
2018,Sri Lanka,258,253,126.59684100
2018,St Lucia,0,0,2.76113635
2018,St Vincent and the Grenadines,0,0,1.18476824
2018,Sudan,0,15,43.31872960
2018,Suriname,0,3,5.35385149
2018,Sweden,2702,398,744.16355760
2018,Switzerland (includes Liechtenstein),3627,1174,972.07053130
2018,Syria,0,1,28.80135365
2018,Taiwan,4674,10533,816.16717120
2018,Tajikistan,0,0,10.40305004
2018,Tanzania,8,52,76.36992630
2018,Thailand,14920,6535,678.91685620
2018,Timor-Leste,0,20,2.09823718
2018,Togo,22,14,9.41740678
2018,Tonga,0,21,0.65500609
2018,Trinidad and Tobago,21,21,32.91608028
2018,Tunisia,38,1,57.18874797
2018,Turkiye,1029,442,1043.61709900
2018,Turkmenistan,0,0,54.61491221
2018,Turks and Caicos Islands,0,0,1.51222568
2018,Tuvalu,0,0,0.06432777
2018,Uganda,1,2,44.11352160
2018,Ukraine,68,69,175.35950310
2018,United Arab Emirates,3045,3921,572.13349800
2018,United Kingdom,7213,4840,3846.83803200
2018,United States of America,31240,12999,27674.27812000
2018,Uruguay,7,11,87.54425712
2018,Uzbekistan,0,0,70.83198730
2018,Vanuatu,0,83,1.22550607
2018,Vietnam,6086,5019,415.46081290
2018,"Virgin Islands, United States",0,1,5.25578433
2018,Yemen,0,163,28.94655126
2018,Zambia,9,14,35.25047351
2018,Zimbabwe,0,1,45.76011649
2019,Afghanistan,1,0,27.04685479
2019,Albania,6,0,22.15868426
2019,Algeria,898,2,278.33138310
2019,Angola,0,3,102.00125350
2019,Antigua and Barbuda,1,0,2.48227234
2019,Argentina,755,308,644.18690210
2019,Armenia,0,0,19.59414140
2019,Austria,1897,33,639.64271240
2019,Azerbaijan,0,0,69.30851319
2019,Bahrain,87,1186,55.61072200
2019,Bangladesh,1129,913,505.31873840
2019,Barbados,0,1,7.72173008
2019,Belarus,28,3,92.66716579
2019,Belgium,1841,1366,770.95281200
2019,Belize,3,0,3.43389027
2019,Benin,0,0,20.70398463
2019,Bermuda,0,1,10.68017621
2019,Bhutan,0,0,3.93584140
2019,Bolivia,21,0,58.83630546
2019,Bosnia and Herzegovina,20,0,29.46843163
2019,Botswana,0,19,24.06364768
2019,Brazil,854,1019,2695.10910700
2019,Brunei Darussalam,1214,51,19.37825627
2019,Bulgaria,105,25,99.09945385
2019,Burkina Faso,0,15,23.06648895
2019,Burundi,1,0,3.70685060
2019,Cabo Verde,0,1,3.24021849
2019,Cambodia,270,86,38.97364089
2019,Cameroon,0,0,57.07020109
2019,Canada,2637,2186,2508.70614000
2019,Cayman Islands,0,0,8.54863635
2019,Central African Republic,0,1,3.19579736
2019,Chad,0,0,16.27887671
2019,Chile,533,325,400.37010540
2019,China,79253,148374,20544.66209000
2019,Colombia,109,36,464.74732370
2019,Comoros,0,0,1.71928058
2019,Dem. Rep. Congo,1,0,74.49014532
2019,Congo,160,0,20.10825801
2019,Costa Rica,128,1,92.67802467
2019,Cote d'Ivoire,13,77,86.87317252
2019,Croatia,41,2,89.00858909
2019,Cuba,14,0,148.80180530
2019,Cyprus,32,8,37.33010756
2019,Czechia,786,132,363.34232930
2019,Denmark,1342,122,498.50946680
2019,Djibouti,0,1,4.44394917
2019,Dominica,0,0,0.87982139
2019,Dominican Republic,52,14,127.96039740
2019,Ecuador,25,14,154.79865720
2019,Egypt,50,535,458.48480520
2019,El Salvador,11,7,38.67403052
2019,Equatorial Guinea,0,0,16.34963576
2019,Eritrea,0,3,0.00000000
2019,Estonia,276,19,45.01773161
2019,Eswatini,0,0,6.46736349
2019,Ethiopia,26,2,137.98994830
2019,Fiji,177,455,7.83289586
2019,Finland,1345,74,386.31375360
2019,France,6078,1569,3926.03926800
2019,French Polynesia,2,57,8.66427888
2019,Gabon,79,0,24.27729151
2019,Georgia,1,88,25.37636380
2019,Germany,14630,3038,5595.37924400
2019,Ghana,29,92,98.31817805
2019,Gibraltar,0,0,0.00000000
2019,Greece,300,35,295.29817340
2019,Grenada,0,0,1.74584720
2019,Guam,1,9,9.14297028
2019,Guatemala,27,1,111.02819870
2019,Guinea,0,6,19.34031205
2019,Guinea-Bissau,0,0,2.13860129
2019,Guyana,0,4,7.44351466
2019,Haiti,2,0,21.60372510
2019,Honduras,70,2,35.79818259
2019,Hong Kong,586,7499,522.35716340
2019,Hungary,755,62,235.97705640
2019,Iceland,17,261,35.50917251
2019,India,4671,14052,4079.60089900
2019,Indonesia,4996,5954,1610.05458000
2019,Iran,23,58,408.08799930
2019,Iraq,0,26,336.13342210
2019,Ireland,1892,92,573.94691620
2019,Israel,854,281,579.03634030
2019,Italy,7120,670,2893.67053000
2019,Jamaica,0,32,22.77580296
2019,Japan,21483,56727,7363.28334600
2019,Jordan,61,151,64.02642519
2019,Kazakhstan,5,26,261.36548720
2019,Kenya,39,70,144.41495810
2019,Kiribati,0,18,0.31204295
2019,South Korea,12046,25306,2375.91043000
2019,Kuwait,27,440,199.54309060
2019,Laos,26,28,27.21297242
2019,Latvia,35,27,49.24046637
2019,Lebanon,21,41,74.24575143
2019,Lesotho,0,0,3.43951535
2019,Liberia,0,0,4.77592008
2019,Libya,868,2,103.70467950
2019,Lithuania,103,6,78.85330852
2019,Luxembourg,34,20,100.55181950
2019,Madagascar,28,27,20.29245160
2019,Malawi,0,0,15.93697456
2019,Malaysia,10980,8905,525.38301310
2019,Maldives,2,60,8.23816122
2019,Mali,0,11,24.86118324
2019,Malta,22,4,23.02584609
2019,Marshall Islands,0,4,0.33377482
2019,Mauritania,76,10,11.35823772
2019,Mauritius,18,99,20.76964458
2019,Mexico,3036,274,1877.81378700
2019,Moldova,0,0,16.88578861
2019,Mongolia,1,47,20.43875975
2019,Montenegro,0,0,7.97338106
2019,Morocco,57,17,185.47823190
2019,Mozambique,5,507,22.31828389
2019,Myanmar,61,133,107.99654370
2019,Namibia,15,13,18.04413467
2019,Nauru,6,44,0.18006848
2019,Nepal,10,38,49.18382910
2019,Netherlands,3330,3236,1309.50115900
2019,New Caledonia,20,469,13.63267269
2019,New Zealand,7779,10171,306.22391030
2019,Nicaragua,20,0,18.27018133
2019,Niger,0,0,18.54426803
2019,Nigeria,554,85,682.69068670
2019,North Macedonia,10,0,18.13680216
2019,Northern Mariana Islands,0,0,1.69911061
2019,Norway,481,230,588.06036890
2019,Oman,16,399,126.69359710
2019,Pakistan,358,330,461.69406300
2019,Palau,0,0,0.40546837
2019,Panama,12,88,100.30908430
2019,Papua New Guinea,4106,2502,35.60948372
2019,Paraguay,5,0,54.56337388
2019,Peru,154,90,328.52254060
2019,Philippines,700,2786,542.13771290
2019,Poland,1191,576,857.55230550
2019,Portugal,280,17,345.27038550
2019,Puerto Rico,317,1,151.24587730
2019,Qatar,308,821,253.74622470
2019,Romania,217,34,361.14056050
2019,Russian Federation,398,731,2435.89302000
2019,Rwanda,0,0,14.88958945
2019,Samoa,5,53,1.31346640
2019,Sao Tome and Principe,0,0,0.59415073
2019,Saudi Arabia,521,822,1206.44737100
2019,Senegal,5,26,33.67144605
2019,Serbia,37,0,74.11379889
2019,Seychelles,4,9,2.68849379
2019,Sierra Leone,0,0,5.86499416
2019,Singapore,10350,11935,542.25028720
2019,Slovenia,169,98,78.24635149
2019,Solomon Islands,6,115,2.32948642
2019,Somalia,0,1,13.55322155
2019,South Africa,1085,1528,560.13106400
2019,South Sudan,0,0,0.00000000
2019,"Southern and East Africa, nec",0,0,1448.09585100
2019,Spain,2259,447,2006.01523500
2019,Sri Lanka,283,224,128.06629440
2019,St Lucia,0,1,3.00988819
2019,St Vincent and the Grenadines,0,0,1.31032456
2019,Sudan,0,9,46.52495619
2019,Suriname,0,17,5.77789766
2019,Sweden,2113,518,768.09514800
2019,Switzerland (includes Liechtenstein),3544,1898,1037.83734900
2019,Syria,0,2,32.49033983
2019,Taiwan,5218,12771,887.83411620
2019,Tajikistan,0,0,11.94242203
2019,Tanzania,6,49,87.79946436
2019,Thailand,14865,4452,782.62198640
2019,Timor-Leste,1,29,2.91630395
2019,Togo,17,7,10.06043260
2019,Tonga,0,19,0.73669421
2019,Trinidad and Tobago,6,37,34.20629660
2019,Tunisia,41,1,60.28971019
2019,Turkiye,1101,490,1094.86306100
2019,Turkmenistan,0,0,65.07673774
2019,Turks and Caicos Islands,0,0,1.69376612
2019,Tuvalu,0,2,0.07786732
2019,Uganda,3,0,50.85556748
2019,Ukraine,84,85,221.39230990
2019,United Arab Emirates,2699,3691,601.36390260
2019,United Kingdom,7215,15211,4102.33374500
2019,United States of America,36011,14773,30962.93859000
2019,Uruguay,18,27,89.51966063
2019,Uzbekistan,0,1,86.73017820
2019,Vanuatu,1,82,1.34738502
2019,Vietnam,6016,6066,481.05298650
2019,"Virgin Islands, United States",0,0,5.92890331
2019,Yemen,118,19,31.78428710
2019,Zambia,30,19,33.53429688
2019,Zimbabwe,0,19,31.41014555
2020,Afghanistan,0,32,28.97866312
2020,Albania,1,0,22.01830671
2020,Algeria,158,4,239.41812720
2020,Angola,0,7,70.43071758
2020,Antigua and Barbuda,0,0,2.04866386
2020,Argentina,733,172,560.14652170
2020,Armenia,0,0,18.35742769
2020,Austria,1619,43,631.74946980
2020,Azerbaijan,177,2,61.99591417
2020,Bahrain,129,881,50.27546950
2020,Bangladesh,1067,809,543.06789000
2020,Barbados,0,3,6.94084222
2020,Belarus,44,4,89.11995118
2020,Belgium,1879,876,763.85319840
2020,Belize,5,1,2.97357313
2020,Benin,0,0,22.77923555
2020,Bermuda,0,1,10.00105343
2020,Bhutan,0,0,3.56876793
2020,Bolivia,15,0,53.19140498
2020,Bosnia and Herzegovina,19,0,29.37089515
2020,Botswana,1,25,21.72433240
2020,Brazil,874,743,2143.50402200
2020,Brunei Darussalam,1353,386,17.43401787
2020,Bulgaria,103,95,102.18479620
2020,Burkina Faso,0,8,25.73907272
2020,Burundi,0,0,3.84768815
2020,Cabo Verde,0,0,2.64515554
2020,Cambodia,310,120,37.57074362
2020,Cameroon,1,0,59.20816903
2020,Canada,2399,2099,2404.27443400
2020,Cayman Islands,0,0,8.21233196
2020,Central African Republic,0,0,3.37870820
2020,Chad,0,0,15.56018020
2020,Chile,519,409,368.90300290
2020,China,84420,146579,21328.55799000
2020,Colombia,112,28,392.58174970
2020,Comoros,0,0,1.77891984
2020,Dem. Rep. Congo,0,0,70.74350798
2020,Congo,49,18,16.65406052
2020,Costa Rica,144,4,90.60672544
2020,Cote d'Ivoire,201,53,91.52482498
2020,Croatia,41,15,84.54507234
2020,Cuba,9,0,155.88909140
2020,Cyprus,40,7,36.63323473
2020,Czechia,755,103,357.18777380
2020,Denmark,1337,115,515.16269400
2020,Djibouti,0,1,4.62526285
2020,Dominica,0,0,0.73218697
2020,Dominican Republic,61,13,114.49292730
2020,Ecuador,21,8,139.20941550
2020,Egypt,52,565,557.35455370
2020,El Salvador,10,3,36.18888240
2020,Equatorial Guinea,0,0,14.36713672
2020,Eritrea,0,2,0.00000000
2020,Estonia,357,14,45.49593657
2020,Eswatini,0,0,5.78273732
2020,Ethiopia,23,7,156.33334880
2020,Fiji,183,348,6.43653047
2020,Finland,1398,141,394.81474520
2020,France,5831,1801,3844.40404700
2020,French Polynesia,0,51,8.41154701
2020,Gabon,259,26,22.23880289
2020,Georgia,4,4,23.24991155
2020,Germany,13644,3785,5645.49690700
2020,Ghana,271,99,101.71189040
2020,Gibraltar,0,1,0.00000000
2020,Greece,362,59,273.69851760
2020,Grenada,0,0,1.51517171
2020,Guam,1,10,8.59081883
2020,Guatemala,24,2,112.85278190
2020,Guinea,0,6,20.58810329
2020,Guinea-Bissau,0,0,2.20793916
2020,Guyana,0,5,7.94499225
2020,Haiti,0,1,21.06786869
2020,Honduras,74,0,33.91054741
2020,Hong Kong,1200,6817,500.90333060
2020,Hungary,812,56,228.40448280
2020,Iceland,14,54,31.40956882
2020,India,5403,9949,3884.24024700
2020,Indonesia,4691,5239,1537.88848600
2020,Iran,26,14,348.12781160
2020,Iraq,0,25,262.68911410
2020,Ireland,1968,120,622.39681970
2020,Israel,767,237,600.11962030
2020,Italy,6729,513,2755.36665700
2020,Jamaica,0,22,20.05747356
2020,Japan,17651,43715,7341.38485300
2020,Jordan,41,119,63.45876841
2020,Kazakhstan,23,17,248.43434920
2020,Kenya,33,76,146.16808580
2020,Kiribati,0,23,0.32378773
2020,South Korea,9033,23285,2387.76092600
2020,Kuwait,0,396,156.12317300
2020,Laos,130,27,27.56293647
2020,Latvia,64,23,49.94017580
2020,Lebanon,22,24,46.05022794
2020,Lesotho,0,0,2.98172055
2020,Liberia,0,0,4.61215787
2020,Libya,218,0,95.38837318
2020,Lithuania,155,12,82.72067357
2020,Luxembourg,27,1,107.02128250
2020,Madagascar,19,15,18.95242847
2020,Malawi,0,0,17.48549661
2020,Malaysia,9642,7001,490.03123170
2020,Maldives,3,29,5.39119563
2020,Mali,408,30,25.36207319
2020,Malta,23,3,22.14502687
2020,Marshall Islands,0,4,0.34960268
2020,Mauritania,104,6,11.99571114
2020,Mauritius,11,79,16.56608784
2020,Mexico,2944,206,1627.59773400
2020,Moldova,3,0,16.74417712
2020,Mongolia,0,35,19.33221966
2020,Montenegro,1,0,6.92666986
2020,Morocco,56,22,176.22163270
2020,Mozambique,19,423,20.67172340
2020,Myanmar,57,167,114.72738480
2020,Namibia,10,7,15.36901052
2020,Nauru,0,57,0.18106020
2020,Nepal,9,65,48.55011998
2020,Netherlands,2748,2592,1321.14111600
2020,New Caledonia,9,404,13.72937945
2020,New Zealand,7056,10055,308.86510360
2020,Nicaragua,15,1,18.41529478
2020,Niger,0,0,19.95906434
2020,Nigeria,308,34,627.61028300
2020,North Macedonia,12,0,17.94986962
2020,Northern Mariana Islands,0,0,1.24593011
2020,Norway,360,145,533.85261950
2020,Oman,31,415,110.23054140
2020,Pakistan,337,460,436.25794210
2020,Palau,0,1,0.37926685
2020,Panama,4,54,82.89767973
2020,Papua New Guinea,3457,2005,34.63111413
2020,Paraguay,0,1,51.45223503
2020,Peru,217,108,292.47366430
2020,Philippines,621,2095,525.31077610
2020,Poland,1462,282,870.47057330
2020,Portugal,305,16,332.58472270
2020,Puerto Rico,246,1,149.75978320
2020,Qatar,273,775,209.70450630
2020,Romania,234,32,365.01180210
2020,Russian Federation,214,683,2168.14477800
2020,Rwanda,0,0,14.77456401
2020,Samoa,0,30,1.26175598
2020,Sao Tome and Principe,0,0,0.68428789
2020,Saudi Arabia,919,903,1066.25944000
2020,Senegal,284,28,35.62156749
2020,Serbia,47,1,77.48071204
2020,Seychelles,1,3,2.00764902
2020,Sierra Leone,2,1,5.89988026
2020,Singapore,7348,11791,507.50361350
2020,Slovenia,187,57,78.02967968
2020,Solomon Islands,6,82,2.23068803
2020,Somalia,0,0,13.36563599
2020,South Africa,1047,1117,491.24409980
2020,South Sudan,0,0,0.00000000
2020,"Southern and East Africa, nec",0,0,1349.13914000
2020,Spain,2450,458,1856.01310700
2020,Sri Lanka,248,194,122.42105430
2020,St Lucia,0,1,2.17504255
2020,St Vincent and the Grenadines,0,0,1.26206493
2020,Sudan,0,8,39.25782573
2020,Suriname,0,10,4.22833176
2020,Sweden,1852,321,794.39541920
2020,Switzerland (includes Liechtenstein),3458,2559,1077.48182300
2020,Syria,1,1,16.19983355
2020,Taiwan,4922,9924,977.54689290
2020,Tajikistan,0,0,11.81159689
2020,Tanzania,6,44,95.94059441
2020,Thailand,14280,3997,726.73723800
2020,Timor-Leste,0,64,3.14041071
2020,Togo,10,5,10.74619685
2020,Tonga,0,20,0.70398951
2020,Trinidad and Tobago,6,22,30.21536096
2020,Tunisia,42,0,61.70376893
2020,Turkiye,1132,400,1046.02730400
2020,Turkmenistan,0,0,66.53382979
2020,Turks and Caicos Islands,0,0,1.12490016
2020,Tuvalu,0,1,0.07514294
2020,Uganda,3,0,54.60073553
2020,Ukraine,108,10,227.42976250
2020,United Arab Emirates,2044,2838,507.48129820
2020,United Kingdom,6992,14801,3917.57398000
2020,United States of America,34415,19138,30963.75935000
2020,Uruguay,13,8,77.93399823
2020,Uzbekistan,0,8,87.45427617
2020,Vanuatu,0,70,1.32060031
2020,Vietnam,6260,6396,503.33215230
2020,"Virgin Islands, United States",0,0,6.08298514
2020,Yemen,0,15,27.61956966
2020,Zambia,9,15,26.33844700
2020,Zimbabwe,0,15,31.23494288